Country,Total Trades,Average number of Trades,Sum of Trade Weights (kg),Average Trade Weight (kg),Total Trade Amount (USD),Average Trade Amount (USD),Income Group,Inflation Rate (%),GDP Growth Rate (%),Unemployment Rate (%),Interest Rate (%),Stock Index Value,Access to electricity (% of population),Agricultural land (% of land area),Annual CO2 combustion emissions at operating coal mines (Mt CO2),Annual CO2 combustion emissions at proposed coal projects (Mt CO2),Annual methane emissions at operating coal mines (Mt CO2e 100 years),Annual methane emisssions at proposed coal projects (Mt CO2e 100 years),Arable land (% of land area),Capacity of Liquefied Natural Gas export terminals (Mt per year) - Operating,Capacity of Liquefied Natural Gas import terminals (Mt per year) - Operating,"Central government debt, total (% of GDP)",Coal rents (% of GDP),Electricity net consumption,Electricity net generation,Gas pipeline capacity by project status (barrels of oil equivalent per day) - Operating,GDP (current US$),GDP growth (annual %),GDP per capita (current US$),Gini index (World Bank estimate),Government Effectiveness: Estimate,Lifetime CO2 emissions from coal plants (Mt CO2),"Literacy rate, adult total (% of people ages 15 and above)",Mineral rents (% of GDP),Natural gas rents (% of GDP),Oil pipeline capacity by project status (barrels of oil equivalent per day) - Operating,Oil rents (% of GDP),Poverty headcount ratio at $5.50 a day (2011 PPP) (% of population),Share of surface occupied by forest (% of total),Tax revenue (% of GDP),Total coal capacity by plant status (MW) - Operating,Total natural resources rents (% of GDP),Total steelmaking capacity (thousand tonnes per annum),"Unemployment, total (% of total labor force) (modeled ILO estimate)",Urban population (% of total population),2025 [2025] Old Exchange rate,2025M01 [2025M01] New Exchange Rate,Continent,Country/Region,Population,Trade Balance
albania,6195506.0,247820.24,137141.15,5714.214583333333,2919197.845,112276.8401923077,Upper middle income,,,,,,100.0,42.53850364963503,0.0,0.0,0.0,0.0,21.88321167883212,0.0,0.0,84.05861907864124,0.0068563376850086,0.0,5.313,0.0,33391909770.40045,5.06245287802588,11826.54618745428,0.0,-0.1283202911727129,118.0,0.0,0.040452926925788,0.0180161795781681,0.0,1.05395231261002,0.0,28.79197080291971,17.01790694721704,0.0,1.25377173185565,0.0,46.6690006256104,384.993,95.00909091,95.00909091,Europe,Albania,2761000,2782056.6950000003
algeria,17243476.0,574782.5333333333,7883159.788,207451.5733684211,24059094.82,633134.0742105263,Upper middle income,,,,,,99.8041305541992,17.36496411658531,0.0,0.0,0.0,0.0,3.151063444765825,29.34,0.0,0.0,0.0,0.0,72.789912773417,778881.0,312992323228.9313,-1.252206509559556,7071.892833328056,0.0,-1.165645480155945,0.0,0.0,0.0049712397446678,1.57042390536563,2554674.2,10.1943460569889,0.0,0.818308959706366,0.0,0.0,11.92571914195,8700.0,49.1960000991822,449.994,135.4296818,135.4296818,Africa,Algeria,45606000,16175935.032000002
angola,432585.0,72097.5,6001194.501,272781.5682272727,42233424.214,1759726.008916667,Lower middle income,,,,,,46.8906097412109,45.68259404828748,0.0,0.0,0.0,0.0,3.930376193149915,5.2,0.0,0.0,0.0,0.0,14.3882890547922,99473.0,126166056884.7097,-4.79999999837095,3769.341084270344,0.0,-2.26289737224579,0.0,0.0,0.0,0.781882427406069,188854.8,24.028004023435,0.0,53.42695115103875,0.0,0.0,25.5179628326171,0.0,33.01100015640259,410.195,921.5696429,921.5696429,Africa,Angola,36684000,36232229.713
antigua and barbuda,1145585.92,27275.85523809524,548293.8250000002,10153.58935185186,1907584.824,35325.64488888889,High income,,,,,,100.0,20.45454545454546,0.0,0.0,0.0,0.0,9.090909090909092,0.0,0.0,0.0,0.0,0.0,0.32642405059699,0.0,2841407407.407407,-14.92152173269518,28893.54188266517,0.0,-0.297703117132186,0.0,0.0,0.0,0.0,0.0,0.0,0.0,18.45454545454545,0.0,0.0,0.0,0.0,0.0,146.192,2.7,2.7,North America,Antigua and Barbuda,94000,1359290.9989999998
argentina,127298485.5,2448047.798076923,3494570.19,65935.28660377358,89408416.59,1686951.256415094,Upper middle income,,,,,,100.0,39.60322860828227,0.0,0.0,0.0,0.0,11.92417106066087,0.45,3.8,0.0,9.37168297664931e-05,121.56394,137.59094,1095288.0,881000000000.0,0.3684919642017803,19314.92732021965,42.3,-0.580949246883393,28.0,0.0,0.262536724043925,0.270940769035641,444806.4,1.1177564069069,14.1,10.44071487819227,10.75849814815203,350.0,1.8285686630972,6200.0,43.37100028991711,554.422,1041.012857,1041.012857,South America,Argentina,46231000,85913846.4
armenia,6836070.0,213627.1875,127113.702,3972.3031875,2098500.39,63590.9209090909,Upper middle income,,,,,,100.0,58.86898489638216,0.0,0.0,0.0,0.0,15.59536354056902,0.0,0.0,63.40366014251534,0.0,0.0,7.32904,2011.0,26502393675.70509,-1.699999999804234,8936.026872210456,25.2,-0.5240330696105959,0.0,99.7886123657227,2.21691449105971,0.0,0.0,0.0,53.5,11.53740779768177,21.86126269144905,0.0,2.48328139508655,0.0,83.39899826049799,382.127,..,..,Asia,Armenia,2780000,1971386.688
australia,368017633.922,6133627.232033333,22533880.714,433343.8598846154,656148353.6259999,10935805.89376667,High income,5.059019607843138,2.736078431372549,7.121176470588235,5.208823529411766,19768.96274509804,100.0,46.25247984274612,978.0,978.0,49.0,78.0,3.983868996700477,87.6,0.0,69.36491413351534,0.554131792348425,0.0,243.309,2377570.0,2870496071061.044,1.471326324737987,111614.4459318334,0.0,3.12300324440002,1239.364,0.0,4.01257235126772,0.916401607528476,304000.0,0.253858465971328,0.0,17.42131455716444,22.59602618248786,25107.0,5.91844174901544,6700.0,21.4980001449585,519.345,1.606847039,1.606847039,Oceania,Australia,26439000,633614472.912
austria,62378248.0,2599093.666666667,11834557.793,223293.5432641509,491618039.902,8778893.569678571,High income,,,,,,100.0,32.07416383906931,0.0,0.0,0.0,0.0,16.00920988851188,0.0,0.0,100.3666397624215,0.0,69.9052,70.9022,733852.0,910340935130.8096,-2.250544870323239,101856.5921339053,0.0,3.2159093618393,123.0,0.0,0.0,0.0087652478356928,292912.0,0.0227114611405239,0.0,47.25096946194861,24.29672412167693,0.0,0.0886772989072538,7500.0,22.19899988174439,356.47,0.966439652,0.966439652,Europe,Austria,9027000,479783482.109
azerbaijan,15942746.0,346581.4347826087,551717.676,11738.67395744681,21409269.28,455516.3676595745,Upper middle income,,,,,,100.0,57.83824988505191,0.0,0.0,0.0,0.0,25.21961135445152,0.0,0.0,0.0,0.0,0.0,24.37044,218871.0,97315176470.58824,1.300037170496012,9613.945647090237,0.0,0.130742698907852,0.0,0.0,0.278001111436228,3.22405836236719,286833.0,15.2778670937422,0.0,13.69418967645137,0.0,0.0,18.8017532307309,0.0,25.93400001525879,344.348,1.7,1.7,Asia,Azerbaijan,10358000,20857551.604000002
bahrain,2996182.78,56531.75056603774,668228.5370000001,11723.30766666667,36842371.387,635213.2997758621,High income,,,,,,100.0,10.95541401273885,0.0,0.0,0.0,0.0,2.038216560509554,0.0,9.0,0.0,0.0,0.0,29.85563728816,0.0,73592020478.7234,-2.710503737123688,42638.82755219215,0.0,1.139033108949661,0.0,0.0,0.0,1.32306880614486,132344.5,7.35913107256516,0.0,0.89171974522293,0.0,0.0,8.6827268844,0.0,6.97299993038178,538.8720000000001,..,..,Asia,Bahrain,1569000,36174142.85
bangladesh,4206443.0,233691.2777777778,36169.0,2127.588235294118,3066874.0,170381.8888888889,Lower middle income,,,,,,96.1999969482422,76.06207267419528,0.0,46.0,0.0,2.0,61.45809326265652,0.0,8.5,0.0,0.0104387696968792,0.0,75.47871972837,2146083.0,790167077593.7358,10.38669654392922,4773.391414875901,0.0,-1.382458806037903,2420.091,74.9088973999023,0.0,0.206829788464695,25783.4,0.0097279475743229,0.0,14.46877160636091,7.001536523218406,1185.0,0.318967548680135,0.0,20.47800016403197,240.519,121.5493636,121.5493636,Asia,Bangladesh,173858000,3030705.0
barbados,574229.216,22085.73907692308,311319.019,5986.904211538461,5456070.5,92475.77118644067,High income,,,,,,100.0,23.25581395348837,0.0,0.0,0.0,0.0,16.27906976744186,0.0,0.0,0.0,0.0,0.0,0.9704742975154,0.0,9590334961.75956,-12.58134966358281,33352.68529158396,0.0,1.020656585693359,0.0,0.0,0.0,0.0014673690737413,0.0,0.20502687338793,0.0,14.65116279069768,0.0,0.0,0.221262259307958,0.0,39.63700008392331,188.428,2,2,North America,Barbados,281000,5144751.481
belarus,97074015.0,2257535.23255814,1020989.658,21723.18421276595,29054685.0,618184.7872340425,Upper middle income,,,,,,100.0,40.79712286924821,0.0,0.0,0.0,0.0,27.88452064242782,0.0,0.0,0.0,0.0,0.0,36.0619,497371.0,129708405378.9438,1.60674234775135,13859.12308416199,24.4,-1.569315075874328,226.0,0.0,0.0,0.0218760436163244,285376.0,0.518522930897615,1.3,43.1944033894965,12.02290719905691,0.0,1.69851918264026,3000.0,18.55700016021729,483.084,..,..,Europe,Belarus,9200000,28033695.342
belgium,935474842.669,30176607.82803226,24914148.424,508452.0086530612,1593494826.84,31869896.5368,High income,,,,,,100.0,45.066357331572,0.0,0.0,0.0,0.0,28.56263540290621,0.0,6.6,120.2345790405889,0.0,81.1713,85.2743,395711.0,1121555967512.142,0.563988291143815,96957.15547267724,0.0,2.24123418331146,169.0,0.0,0.0,3.44583489217177e-05,0.0,0.0,0.0,22.76420079260238,22.11901303063178,0.0,0.0162595589029317,7500.0,23.97000026702881,589.02,0.966439652,0.966439652,Europe,Belgium,11766000,1568580678.416
belize,60410.0,7551.25,188798.766,6090.282774193549,1060030.66,33125.958125,Upper middle income,,,,,,97.1133346557617,7.540552389302937,0.0,0.0,0.0,0.0,3.94563787812363,0.0,0.0,0.0,0.0,0.0,0.59737042755731,0.0,3375554934.376095,-6.996966267170436,8408.28796845807,0.0,-1.057691156864167,0.0,0.0,0.0,0.0,0.0,0.399593656555749,0.0,55.9864094695309,0.0,0.0,0.829193635001881,0.0,31.98199939727784,279.153,..,..,North America,Belize,444000,871231.8939999999
benin,4801.0,800.1666666666666,24237.54,969.5016,476938.0220000001,16446.13868965517,Lower middle income,,,,,,41.4109573364258,35.03015253636041,0.0,0.0,0.0,0.0,24.83150053210358,0.0,0.0,0.0,0.0,0.52408,0.22608,6553.0,33437185410.65949,10.44879341158267,2719.488148867655,0.0,-0.467208728194236,0.0,0.0,0.0,0.0,0.0,0.0674458728334573,0.0,27.80374246186591,0.0,0.0,2.32162334142658,0.0,5.963999986648551,298.931,..,..,Africa,Benin,14603000,452700.48200000013
bhutan,15825.0,1978.125,140230.0,17528.75,757076.0,94634.5,Lower middle income,,,,,,100.0,13.45044572627163,0.0,0.0,0.0,0.0,2.464604090194022,0.0,0.0,117.8237272931067,0.0,0.0,8.95203797854276,0.0,2315436303.299883,-10.07634115531977,3000.777985956521,0.0,1.241638660430908,0.0,0.0,0.130808218097491,0.0,0.0,0.0,0.0,71.44939695857367,13.03890852895916,0.0,2.88398062973872,0.0,16.41799950599671,263.996,86.25609091,86.25609091,Asia,Bhutan,777000,616846.0
botswana,669204.8,18086.61621621622,1266962.926,31674.07315,5240941.782000001,127827.8483414634,Upper middle income,,,,,,71.994758605957,45.63372328974997,0.0,13.0,0.0,0.0,0.4587722548656327,0.0,0.0,19.65585625510474,0.27569408262721,0.0,2.05044,0.0,32543919272.00002,2.637726022155974,13696.38469997577,0.0,0.553622752428055,1811.0,0.0,0.0901045309278867,0.0,0.0,0.0,0.0,26.91705044730295,22.31981169526297,732.0,0.678482792828235,0.0,96.5270004272461,435.111,13.9424829,13.9424829,Africa,Botswana,2630000,3973978.8560000006
brazil,1209958471.854,22829405.12932076,10544018.265,210880.3652999999,650624784.0,12048607.11111111,Upper middle income,5.040416666666668,2.9725,6.819791666666667,4.230416666666667,23454.4725,100.0,28.34109036220978,0.0,8.0,0.0,0.0,6.671580040535334,0.0,9.6,100.5866373453839,0.0061968429596929,540.99734,622.00634,491210.0,3060000000000.0,0.7407452863842963,14333.7099162961,48.9,-0.8979020416736601,1700.0,0.0,1.15390221358331,0.0406174564596599,0.0,1.84932805448523,18.7,59.41747805133678,12.96121956902962,3149.0,3.99116095210967,46200.0,54.79099941253671,525.9870000000001,6.035452381,6.035452381,South America,Brazil,216422000,640080765.735
bulgaria,103491598.0,1990223.038461538,1860310.131,33219.82376785715,49766629.919,888689.8199821429,High income,,,,,,99.6999969482422,46.49042004421518,33.0,0.0,1.0,0.0,32.16654384672071,0.0,0.0,32.41036906985261,0.0714551139579444,0.0,37.04,447937.0,150160466859.5399,-0.2092762496163516,21714.17439944474,0.0,-0.321914568543434,716.0,0.0,0.299915317064997,0.0049703972974475,0.0,0.0130064500047004,0.0,35.86035372144436,20.36935855362444,4829.0,0.587943699302687,1400.0,19.92299938201903,459.185,1.889954545,1.889954545,Europe,Bulgaria,6447000,47906319.788
burkina faso,319.0,106.3333333333333,271750.489,10451.94188461538,922087.269,35464.89496153846,Low income,,,,,,18.957239151001,44.38230994152047,0.0,0.0,0.0,0.0,21.92982456140351,0.0,0.0,72.53160890203523,0.0,0.0,1.6051331736536,0.0,37671221467.54353,8.836666562950413,1776.085311571683,0.0,-1.402330279350281,0.0,0.0,4.38735041289017,0.0,0.0,0.0,0.0,22.72076023391813,13.2753560785655,0.0,8.96317006468082,0.0,18.91300010681151,193.227,..,..,Africa,Burkina Faso,24799000,650336.78
burundi,41351.0,3180.846153846154,1092302.959,49650.1345,1652786.139,68866.089125,Low income,,,,,,11.7355556488037,79.16666666666666,0.0,0.0,0.0,0.0,46.72897196261682,0.0,0.0,0.0,0.0,0.0,0.35052074794115,0.0,5682540010.467765,2.122456890742313,470.6329244717644,0.0,-2.61235356330871,0.0,0.0,0.0,0.0,0.0,0.0,0.0,10.88940809968847,0.0,0.0,12.4085159262879,0.0,6.59900009632111,87.67099999999999,2928.765136,2928.765136,Africa,Burundi,14145000,560483.1799999999
cabo verde,837.0,119.5714285714286,13571.0,387.7428571428571,912435.958,24660.4312972973,Lower middle income,,,,,,86.4000015258789,32.79515069113981,0.0,1.0,0.0,0.0,21.95785180149558,0.0,0.0,0.0,0.0,0.0,7.6601860407567,17239.0,52833859131.98942,-0.0696173678344393,3138.468047217321,0.0,-0.814638495445251,1358.0,0.0,0.0,0.0,0.0,0.157827482777123,0.0,45.70796510310446,17.88511336717549,655.0,1.01647596716402,3100.0,1.910999983549118,152.129,..,..,Africa,Cabo Verde,593000,898864.958
cambodia,423603.0,60514.71428571428,33231.464,1954.792,2278662.25,126592.3472222222,Lower middle income,,,,,,64.7213668823242,20.62575363330583,0.0,0.0,0.0,0.0,13.1158638488714,2.4,0.0,0.0,0.0,0.0,8.7424914746643,0.0,86043063205.84914,3.978513982675281,3198.832323598055,0.0,-1.775450587272644,0.0,0.0,0.0,0.328415829192331,179985.6,1.7314143892434,0.0,43.02951069365996,0.0,0.0,4.67837128338707,0.0,15.10999989509582,354.112,..,..,Asia,Cambodia,17168000,2245430.786
cameroon,67056.0,11176.0,1018325.065,24837.19670731707,15106416.763,359676.5895952381,High income,,,,,,100.0,6.440513117374317,104.0,97.0,4.0,6.0,4.264638467741666,0.0,7.5,72.08582340476825,0.0530233330958968,539.695,630.032,5045875.0,3636185017233.593,-0.6701304401733239,95309.61533626945,0.0,3.23907911777496,324.0,0.0,0.252034221219089,0.0372497339384854,9190709.1,1.08793463855046,0.0,38.69551250949463,13.29503290791403,8333.2,1.4957811159159,14000.0,28.77799987792969,490.917,..,..,Africa,Cameroon,28524000,14088091.698
canada,683802349.0,9497254.847222222,44562832.294,768324.6947241379,2576082418.389,33895821.2945921,High income,4.986382978723404,1.179787234042553,6.927021276595746,4.716382978723403,21596.55106382979,100.0,11.25,0.0,0.0,0.0,0.0,0.8333333333333334,0.0,0.0,0.0,0.0,0.0,0.6838273,0.0,5608989195.529198,-5.683975211705913,85346.76195266582,0.0,2.41151940822602,0.0,0.0,0.0,0.0,0.0,0.0,0.0,53.0,0.0,0.0,0.0,0.0,0.0,600.0,1.439636364,1.439636364,North America,Canada,39293000,2531519586.095
central african republic,25048.0,6262.0,762511.0,38125.55,8032129.163000002,401606.4581500001,High income,,,,,,100.0,21.12888214629633,0.0,0.0,0.0,0.0,1.609883636481012,0.0,5.5,0.0,0.0071161043817166,75.302,79.922,49080.0,569785702361.7778,5.690000639878093,29723.40932894538,44.9,1.363633513450622,397.637,0.0,2.1193115035793,0.0112246947432378,68200.4,0.0179013582337524,8.0,24.49215366655369,16.2449324644776,4882.15,2.97239409331009,1500.0,36.32700109481813,527.81,633.8966364,633.8966364,Africa,Central African Republic,5579000,7269618.163000002
chile,185910829.463,4426448.320547619,974514.888,19490.29776,76253416.61099999,1438743.709641509,Upper middle income,,,,,,100.0,56.07689766008433,3038.0,1285.0,419.0,191.0,12.67659057984735,1.5,75.95,0.0,0.350065092179131,0.0,7601.217,7930016.0,324000000000.0,10.34949443762822,22965.00287614071,0.0,1.517989993095398,292.039,0.0,0.291347518214841,0.10814925094921,3601524.5,0.255107180083741,0.0,23.34059570196106,8.090626233884885,1042946.5,1.08957546413071,1076546.0,19.13799953460693,384.095,1001.703333,1001.703333,South America,Chile,19728000,75278901.72299999
china,30686114244.526,613722284.89052,134681870.741,3060951.60775,8964137318.0,160073880.6785714,High income,5.221219512195121,2.708536585365853,6.332926829268292,4.79170731707317,20602.16463414634,100.0,43.48158855340243,182.0,24.0,7.0,2.0,4.396523569175304,0.0,3.0,90.40356612134065,0.571399367759278,0.0,69.742,52751.0,584622436115.3057,3.51514148734671,11443.42447708101,54.2,0.0234503960236907,841.0,95.6363296508789,0.340375131846077,0.119586973762304,1849783.0,2.61164602630593,44.2,53.30501126633619,14.22768543926059,1633.5,3.78274426034005,0.0,54.44600009918211,493.1659999999999,7.309684211,7.309684211,Asia,China,1422584000,8829455447.259
colombia,59898753.0,1361335.295454545,2254876.484,41756.97192592593,77100044.55,1376786.509821428,Lower middle income,,,,,,49.5171012878418,31.12152269399707,0.0,0.0,0.0,0.0,1.610541727672035,0.0,0.0,0.0,0.0,0.0,3.5762355836104,29819.0,230000000000.0,-9.739319631702884,4113.659100302788,0.0,-3.03400075435638,0.0,0.0,0.0,1.11235061194517,0.0,31.9101871168981,0.0,64.26354319180088,8.945728839983078,0.0,37.394862479907,0.0,90.3389987945556,413.759,4298.619048,4298.619048,South America,Colombia,52032000,74845168.066
costa rica,351546.0,31958.72727272727,726488.958,14244.88152941176,25877496.189,497644.1574807692,Lower middle income,,,,,,100.0,26.89421015010722,0.0,0.0,0.0,0.0,15.88634739099357,0.0,0.0,105.3828201610922,0.0,0.0,10.643,30137.0,125041571746.611,2.349111201077648,31531.25253776071,0.0,1.052069902420044,220.0,0.0,0.0,0.0827677003401049,137972.4,0.188604400280809,0.0,34.65171551107934,20.69976123595753,210.0,0.521395681829882,0.0,29.8759994506836,350.499,505.4985714,505.4985714,North America,Costa Rica,5368000,25151007.231
croatia,32353957.05,660284.8377551021,1053730.907,20661.39033333334,45072473.0,834675.425925926,High income,,,,,,100.0,61.66666666666667,0.0,0.0,0.0,0.0,28.02119460500964,0.0,0.0,0.0,0.0,0.0,18.510448406034,0.0,107352000000.0,-10.94834097416171,9477.852873267708,0.0,-0.388777673244477,0.0,0.0,0.25333969034842,0.0005521945343441,0.0,0.308273803934269,0.0,31.23314065510597,0.0,0.0,0.6352428452995,0.0,10.12800025939942,464.8699999999999,0.966439652,0.966439652,Europe,Croatia,3791000,44018742.093
cuba,919685.0,83607.72727272728,536219.818,35747.98786666666,3714270.74,247618.0493333334,Upper middle income,,,,,,100.0,14.51611471861472,0.0,0.0,0.0,0.0,11.08242424242424,0.0,0.0,0.0,0.0,0.0,4.731,0.0,52411433615.19193,0.5283927066084857,58480.04296875,0.0,1.611636519432068,0.0,0.0,0.005045433898859,0.0,0.0,0.0,0.0,18.67207792207792,22.77600121750788,0.0,0.0058560110548562,0.0,25.75700044631958,401.855,..,..,North America,Cuba,11019000,3178050.9220000003
cyprus,9663584.0,123892.1025641026,464116.107,7032.062227272728,14239661.103,177995.7637875,High income,,,,,,100.0,45.64686659188977,42.0,11.0,1.0,1.0,32.17877335229052,0.0,0.0,0.0,0.0736674984875989,60.814,75.084,582049.0,527680171923.3734,-2.455160867879826,49311.99954847136,0.0,2.059427738189701,716.0,0.0,0.0,0.0042960583133488,273791.0,0.006836782195641,0.0,34.67799192549392,14.37603380311173,8007.1,0.438722195453132,6200.0,9.6690000295639,446.877,0.966439652,0.966439652,Europe,Cyprus,1256000,13775544.996
czech republic,827754213.0,15328781.72222222,16664318.641,314421.1064339623,774958142.0,14351076.7037037,High income,,,,,,100.0,65.499675,0.0,0.0,0.0,0.0,59.27325,0.0,0.0,0.0,0.0,33.081,28.457,434941.0,753189211163.94,2.631308058591117,128866.363535064,0.0,3.88534092903137,31.0,0.0,0.0,0.0205452004386556,0.0,0.183933439271462,0.0,15.711,33.98502393284416,1180.0,0.219520566615741,0.0,18.97599935531617,530.6030000000001,24.31379545,24.31379545,Europe,Czech Republic,10525000,758293823.359
denmark,277308025.061,5659347.45022449,14699858.254,272219.5972962963,635898138.368,11775891.45125926,High income,,,,,,100.0,33.33333333333333,0.0,0.0,0.0,0.0,8.0,0.0,0.0,0.0,0.0,0.0,0.163248,0.0,1049833333.333333,-10.06916496626091,14563.83406052513,0.0,-0.1887558102607727,0.0,0.0,0.0,0.0,0.0,0.0,0.0,63.82666666666667,0.0,0.0,0.0457722362182372,0.0,0.0,431.1220000000001,7.209568182,7.209568182,Europe,Denmark,5892000,621198280.1140001
dominica,22971.0,3281.571428571428,48654.12,2316.862857142857,867085.4449999998,37699.36717391304,Upper middle income,,,,,,98.8499984741211,21.82315992913513,0.0,0.0,0.0,0.0,4.17941697535835,0.0,0.0,0.0,0.0,0.0,32.13185,0.0,205456990000.0,-3.552355849208496,11562.64777567337,47.3,-0.655173942446708,0.0,93.6260986328125,0.0,0.0112430128872318,900000.0,4.39456553754512,34.6,50.32142857142857,12.53553397863287,0.0,4.75666507381545,0.0,24.44799995422364,388.198,..,..,North America,Dominica,73000,818431.3249999998
dominican republic,2691075.374,224256.2811666667,17328659.857,618880.7091785716,19915637.842,538260.4822162163,Upper middle income,,,,,,100.0,3.989150635391029,0.0,0.0,0.0,0.0,3.380380732332111,7.2,5.7,0.0,0.0,0.0,157.97,50250.0,769395417371.905,6.896411565557202,7445.566434944571,0.0,-0.8522943556308751,413.901,0.0,0.0,0.447781472548197,2640000.0,2.11697906801699,0.0,0.0451855944547692,0.0,0.0,2.69101761584955,13650.0,35.97900009155273,258.414,61.37372727,61.37372727,North America,Dominican Republic,11332000,2586977.9849999994
ecuador,10466195.0,436091.4583333333,1471853.918,30037.83506122449,19818152.192,404452.0855510205,Upper middle income,,,,,,100.0,57.70752895752895,0.0,0.0,0.0,0.0,34.7972972972973,0.0,0.0,71.19119824406462,0.0,0.0,6.6371,0.0,53400000000.0,2.219556434554448,8207.15688593788,0.0,-0.546474888920784,70.0,89.9845275878906,0.0,0.0,0.0,0.0,0.0,28.17953667953668,18.60161566834641,0.0,0.755814178865303,0.0,23.5880002975464,450.294,1,1,South America,Ecuador,18190000,18346298.274
egypt,1348988.0,1348988.0,537954.939,20690.57457692308,35865740.473,1280919.302607143,Lower middle income,,,,,,52.1710968017578,62.7226371689837,0.0,0.0,0.0,0.0,5.700555801712164,0.0,0.0,0.0,0.0,0.0,0.43665555143469,0.0,0.0,0.0,0.0,0.0,-3.30100011825561,0.0,0.0,0.0,0.0,0.0,0.0,0.0,8.718215239586637,0.0,0.0,0.0,0.0,31.63299942016601,257.692,50.48106818,50.48106818,Africa,Egypt,112716000,35327785.533999994
el salvador,2815.0,1407.5,569465.6699999998,12116.29085106383,10310404.43,214800.0922916666,Upper middle income,,,,,,100.0,23.04093567251462,0.0,0.0,0.0,0.0,16.23391812865497,0.0,0.0,24.32836419923426,0.0,9.172,5.902,113989.0,66913209825.32555,5.398384307430902,50335.01693029712,0.0,2.717329621315,0.0,0.0,0.0,0.0,0.0,0.184946157905679,0.0,57.03859649122806,21.17693846668625,0.0,1.09070720769718,0.0,23.17600011825562,418.317,8.75,8.75,North America,El Salvador,6550000,9740938.76
eritrea,1727.0,1727.0,53.0,53.0,3869.0,3869.0,Low income,,,,,,51.0939826965332,34.09275177673427,0.0,0.0,0.0,0.0,14.35009068744985,0.0,0.0,0.0,4.26454109692503e-05,0.0,14.1518473178445,0.0,218928846722.4207,11.69683389462594,1880.416441787675,0.0,-1.163693308830261,34.0,0.0,0.0117398553852836,0.0,0.0,0.0,0.0,15.12398953379342,6.19629946992619,0.0,5.08796385377381,1300.0,15.05800032615662,137.521,..,..,Africa,Eritrea,3748000,3816.0
estonia,55931126.0,847441.303030303,921800.117,15363.33528333334,44311602.58499999,671387.9179545454,High income,,,,,,100.0,70.3294289897511,0.0,0.0,0.0,0.0,0.0512445095168374,0.0,0.0,0.0,0.0,0.0,0.4232,0.0,3240759988.994528,0.0,66320.67919767785,0.0,0.0,0.0,0.0,0.0,0.0,0.0,0.0,0.0,0.0585651537335285,0.0,0.0,0.0,0.0,0.0,257.39,0.966439652,0.966439652,Europe,Estonia,1286000,43389802.467999995
ethiopia,266.03,66.5075,931377.044,27393.44247058823,8049054.597000001,236736.8999117647,Low income,,,,,,100.0,17.05528188286809,0.0,0.0,0.0,0.0,4.203612479474549,0.0,0.0,0.0,0.0,0.0,0.995487,0.0,9166532532.865215,-19.2322415921804,10188.81557120843,0.0,1.169111132621765,0.0,0.0,0.45501827099876,0.0,0.0,0.0,0.0,62.3984674329502,18.8486607481974,0.0,1.51076320072247,0.0,19.06900024414062,350.787,126.4679545,126.4679545,Africa,Ethiopia,126527000,7117677.553000001
fiji,560584.0,13672.78048780488,46968.216,1067.459454545454,2358598.511999999,46247.02964705881,Upper middle income,,,,,,100.0,52.14754628285274,0.0,0.0,0.0,0.0,32.79395569776297,0.0,26.5,123.4200081637616,0.0,472.699,553.714,500493.0,5567790489408.701,-0.8916852494873382,82555.66114399253,0.0,2.50694513320923,91.0,0.0,0.0,0.0,310348.4,0.0044717289706252,0.0,31.5090483730461,24.77584395056582,3029.0,0.031349478603127,15200.0,31.24699974060059,489.859,2.334240795,2.334240795,Oceania,Fiji,939000,2311630.295999999
finland,133373635.791,2424975.1962,3143237.051,57149.76456363637,175557836.7,3134961.369642857,High income,,,,,,100.0,13.68481705560357,0.0,0.0,0.0,0.0,0.7202535292422932,0.0,0.0,0.0,0.0,0.0,0.65742291983224,0.0,5669368717.207236,-7.600011731075455,20182.58450291643,0.0,0.0,0.0,0.0,0.0,0.0,0.0,0.0,0.0,43.05963699222126,0.0,0.0,0.0,0.0,56.39599990844719,373.4830000000001,0.966439652,0.966439652,Europe,Finland,5580000,172414599.649
france,1820922481.0,41384601.84090909,140494352.558,2650836.840716981,3899807763.563,69639424.34933928,High income,4.912372881355931,2.016610169491526,6.822881355932205,3.978813559322034,19853.33084745763,91.5715637207031,8.587107540652774,0.0,0.0,0.0,0.0,1.261303217293437,0.0,0.0,0.0,0.0,0.0,2.9483240968055,0.0,33586174473.12613,-0.3324015286474662,14898.70472080426,0.0,-1.75117427110672,0.0,0.0,0.0317219895165283,0.0543607388206979,0.0,14.3218738678033,0.0,91.32068149183064,0.0,0.0,17.6867029963851,0.0,86.8939990997314,545.154,0.966439652,0.966439652,Europe,France,64805000,3759313411.005
french polynesia,842256.0,56150.4,751871.925,17485.39360465116,7615812.691,177111.9230465116,High income,,,,,,62.2730674743652,59.78260869565217,0.0,0.0,0.0,0.0,43.47826086956522,0.0,0.0,0.0,0.0,0.0,0.28958667479908,0.0,3908483683.506085,5.424676231728185,1593.007533000777,0.0,-1.392981946468353,0.0,0.0,0.0,0.0,0.0,0.0,0.0,23.97924901185771,0.0,0.0,2.81836847620866,0.0,43.8290004730225,384.886,..,..,Oceania,French Polynesia,282000,6863940.766
gabon,762086.328,30483.45312,1273436.819,24969.34939215687,40780744.788,769448.0148679244,Upper middle income,,,,,,100.0,34.21931213124191,0.0,0.0,0.0,0.0,4.461073535760541,0.0,0.0,60.09572032498471,0.0004349120544484,0.0,11.1618,175260.0,34543163924.87767,3.598502837790107,9298.12852098641,34.5,1.407537043094635,52.0,0.0,0.710018014247637,0.0021418765105723,345863.2,0.0182066859859289,58.3,40.61591595913081,21.40531485014426,0.0,0.814814424280577,1570.0,53.0470008850097,363.114,..,..,Africa,Gabon,2431000,39507307.969000004
georgia,8836648.0,192101.0434782609,200077.43,3572.81125,5077039.871000001,87535.1701896552,Upper middle income,,,,,,85.8735504150391,55.39301991359496,0.0,0.0,0.0,0.0,11.04630976605591,0.0,0.0,0.0,0.0,0.0,20.104457,43926.0,147637478868.5681,5.870419545316437,4699.444638303645,0.0,-0.31506535410881,338.0,0.0,2.29008664089522,0.350601673578223,0.0,3.08452502581484,0.0,35.09693099462496,11.3404319629997,0.0,9.47052121495666,0.0,18.2960000038147,353.504,2.8415,2.8415,Asia,Georgia,3716000,4876962.4410000015
germany,6929366934.0,173234173.35,96848085.155,1729430.092053571,6598538290.830001,117831040.9076786,High income,4.902439024390244,2.02390243902439,6.17780487804878,5.323902439024389,20876.18707317073,100.0,45.51736229635377,41.0,0.0,1.0,0.0,16.53941349883631,0.0,5.1,252.4074569155239,0.0172557403487802,46.18,40.572,213574.0,405075791111.1665,-0.6830270748906457,37923.77736268181,0.0,0.881157726049423,262.0,0.0,0.0207661734482977,0.0001691292502066,0.0,0.0086929508599562,0.0,30.2699767261443,24.75587281638888,2575.0,0.056956900931209,0.0,60.5849990844725,483.059,0.966439652,0.966439652,Europe,Germany,83294000,6501690205.675001
ghana,154103.0,15410.3,1287740.1,42924.67000000001,16966169.488,530192.7964999999,Lower middle income,,,,,,100.0,0.5923011329029114,0.0,0.0,0.0,0.0,0.0,0.0,0.0,0.0,0.0,0.0,0.593712054249766,0.0,3075968328.696769,0.356531660011413,54570.37501901411,0.0,1.566796243190765,0.0,0.0,0.0,0.0,0.0,0.0,0.0,0.0005359970763795,0.0,0.0,0.0,0.0,0.0,526.958,14.93738636,14.93738636,Africa,Ghana,34121000,15678429.388000002
greece,75295856.0,1476389.333333333,6069258.336,108379.6131428571,86025502.079,1536169.679982143,High income,,,,,,93.5864486694336,23.52941176470588,0.0,0.0,0.0,0.0,8.823529411764707,0.0,0.0,0.0,0.0,0.0,0.20288234946759,0.0,2165494296.296296,-8.439202501600676,19201.82102504107,0.0,0.0547845698893069,0.0,0.0,0.0,0.0,0.0,0.0,0.0,52.05882352941177,0.0,0.0,0.0,0.0,0.0,221.916,0.966439652,0.966439652,Europe,Greece,10196000,79956243.743
greenland,64025.0,4925.0,30540.521,1131.130407407407,854139.8599999999,31634.80962962962,High income,,,,,,97.0552673339844,35.98357596117954,0.0,0.0,0.0,0.0,8.044046285927585,0.0,0.0,31.57146925752836,0.0,0.0,15.176452,0.0,163590954171.8861,6.008298740883546,9628.915216020969,0.0,-1.438401520252228,208.0,0.0,0.306684187754501,0.0054640434069675,0.0,0.0904427995030333,0.0,32.92086599477417,9.969756195664289,1010.3,1.33736802752441,0.0,13.96399998664856,317.3829999999999,..,..,North America,Greenland,56000,823599.3389999999
grenada,563637.0,51239.72727272727,185364.583,6620.163678571428,1832546.307,65448.08239285713,Upper middle income,,,,,,44.6686782836914,59.01025557545173,0.0,0.0,0.0,0.0,12.61598567475175,0.0,0.0,0.0,0.0,0.0,3.20309767666995,0.0,30020146394.11705,7.760507536401576,2253.302978167674,0.0,-1.85688728094101,62.0,0.0,0.0,0.0,0.0,0.0,0.0,25.18720494872213,0.0,0.0,4.12565762333236,0.0,24.62900018692015,227.372,..,..,North America,Grenada,125000,1647181.724
guatemala,602869.0,54806.27272727273,712712.5,13706.00961538462,16796877.0,323016.8653846154,Upper middle income,,,,,,33.3354682922363,28.98684210526315,0.0,0.0,0.0,0.0,10.66856330014225,0.0,0.0,0.0,0.0,0.0,0.082458,0.0,3070275776.06879,1.400002427348852,1540.482544723167,0.0,-2.87537038326263,0.0,0.0,0.0,0.0,0.0,0.0,0.0,70.41287339971551,0.0,0.0,10.5264162997476,0.0,26.50399971008302,271.535,7.717818182,7.717818182,North America,Guatemala,20316000,16084164.5
guinea,927190.0,154531.6666666667,918403.0,76533.58333333333,925563.35,77130.27916666666,Lower middle income,,,,,,92.5405426025391,6.305562611125222,0.0,0.0,0.0,0.0,2.133604267208534,0.0,0.0,0.0,0.0,0.0,1.0965465150049,0.0,12880436515.58753,63.40678480594023,16330.74378700047,0.0,-0.653703033924103,0.0,0.0,3.03914939830935,0.0,0.0,12.3019331980902,0.0,93.5501143002286,0.0,0.0,19.1861221406636,0.0,61.1439981460571,162.667,8632.196818,8632.196818,Africa,Guinea,14387000,7160.349999999977
guinea-bissau,209.0,209.0,182626.0,30437.66666666667,40470.479,6745.079833333333,Low income,,,,,,93.2067108154297,31.37903297881848,0.0,0.0,0.0,0.0,9.1160961658772,0.0,0.0,0.0,0.0,0.0,10.9182,0.0,52316509111.34155,3.569335831728026,5236.765868504493,0.0,-1.395856082439423,18.0,0.0,0.0007976445293306,0.0,0.0,4.0799618986236e-05,0.0,56.83492716060417,14.76539723042352,105.0,1.21157060008364,0.0,33.20699977874756,359.388,..,..,Africa,Guinea-Bissau,2186000,-142155.521
guyana,3206596.0,80164.9,628503.195,14964.36178571429,11562044.325,256934.3183333334,High income,,,,,,100.0,3.80952380952381,0.0,0.0,0.0,0.0,1.904761904761905,0.0,0.0,0.0,0.0,44.1839,33.1059,0.0,71300000000.0,-0.0780912785505023,95761.6101111616,0.0,3.17935025691986,224.0,0.0,0.0,0.0,0.0,0.0,0.0,0.0,0.0,6110.0,0.0007016233535633,0.0,19.01400017738342,600.0,..,..,South America,Guyana,813000,10933541.129999999
honduras,536595.663,48781.4239090909,440659.792,12240.54977777778,4920262.619999999,136673.9616666666,Lower middle income,,,,,,100.0,53.72561911023449,9.0,0.0,0.0,0.0,43.96230550076704,0.0,0.0,96.37802044035504,0.0068481045109928,41.533,32.994,236995.0,339023652247.1719,2.633391361878907,34848.64655831725,0.0,1.20828092098236,635.0,0.0,0.0,0.0600945943899353,78793.2,0.0954603976725834,0.0,22.49627438088976,22.93567765243624,944.0,0.25787879152823,1600.0,15.78200006484985,436.28,25.42518182,25.42518182,North America,Honduras,10606000,4479602.827999999
hungary,365018923.587,10139414.54408333,10764621.006,203106.0567169811,457324036.0,8166500.642857143,High income,,,,,,100.0,18.56590300505802,0.0,0.0,0.0,0.0,1.200039670732917,0.0,0.0,99.9092222159848,0.0,17.912066,18.431066,0.0,47177009641.07955,-2.804119849699205,127647.7994276047,0.0,3.1534982919693,0.0,0.0,0.0,0.0,0.0,0.0,0.0,0.5092730338192998,22.31071771923645,0.0,0.000126099707927,0.0,17.67000007629394,564.117,398.1931818,398.1931818,Europe,Hungary,9578000,446559414.994
iceland,952351.0,79362.58333333333,351692.16,6763.310769230769,17071477.94,322103.3573584905,High income,,,,,,99.0,60.21985692135383,826.0,563.0,22.0,15.0,52.25669277779086,0.0,47.5,0.0,0.712680826188464,0.0,1452.235,2704649.0,5841085542613.474,2.351882146893388,4210.535415691644,0.0,0.687875866889953,1053.521,0.0,0.685705524564707,0.0295013637427278,1451442.9,0.247046218586742,0.0,24.27022827333605,0.0,229247.2,1.86457287817847,119125.0,24.73699998855591,216.805,140.202381,140.202381,Europe,Iceland,386000,16719785.780000001
india,1012988614.0,18759048.40740741,10712588.483,232882.3583260869,902841046.705,16415291.75827273,Lower middle income,4.949821428571427,2.24125,6.615178571428572,5.186071428571429,20733.11696428572,96.9499969482422,33.18208763799461,736.0,135.0,16.0,3.0,14.00784759035728,26.5,12.35,42.91662440200628,0.72909835291047,0.0,272.9434,1685369.0,2244781926774.82,1.626235170983847,8162.370174283695,75.5,0.729174733161926,1354.474,95.9990081787109,0.463960403277961,0.488193112503839,390000.0,0.642365487718348,121.3,49.07178036547167,8.312977387166455,33965.6,2.76210237709732,21200.0,17.10400056838989,349.4690000000001,86.25636364,86.25636364,Asia,India,1438069000,892128458.222
indonesia,20422045.0,1361469.666666667,71495413.031,1323989.130203704,2903297882.436,53764775.60066666,Upper middle income,,,,,,100.0,28.97565485362096,0.0,0.0,0.0,0.0,9.642526964560863,0.0,0.0,0.0,0.0109429602942902,0.0,304.3216,4200628.0,231547571240.4694,1.761797090641124,2756.749976875672,0.0,-1.851607918739319,111.0,0.0,1.71151229845363,3.45356372979974,0.0,17.151668986553,0.0,6.626730354391371,0.0,0.0,22.3422122636148,42700.0,45.7710008621215,462.109,16251.15909,16251.15909,Asia,Indonesia,281190000,2831802469.4049997
iran,1957451.0,244681.375,2723959.28,113498.3033333333,41999973.52,1749998.896666667,Upper middle income,,,,,,100.0,65.49571781100305,0.0,0.0,0.0,0.0,6.445057337784875,0.0,0.0,71.57509934045085,0.0,30.627,33.088,0.0,924448527706.7234,19.34563351769668,184574.6454400502,0.0,2.97580647468567,29.0,0.0,0.0078649271336251,0.0,0.0,0.0,0.0,11.35172013354623,16.50888955084999,915.0,0.0219911670663597,0.0,24.22899961471557,386.039,42000,42000,Asia,Iran,89172000,39276014.24
ireland,268278384.314,5475069.067632653,17071580.65,310392.3754545454,1911992398.03,34142721.39339285,High income,,,,,,100.0,29.87060998151571,0.0,0.0,0.0,0.0,17.56007393715342,0.0,3.5,0.0,0.0,0.0,68.51312,45735.0,888692002727.4735,6.034611969549658,95607.65090590056,0.0,2.38000166416169,282.0,0.0,0.0,0.0851746231241773,1200000.0,0.0205122218167043,0.0,6.469500924214418,22.23390134122086,4900.0,0.106087171777755,0.0,18.52300024032593,556.8629999999999,0.966439652,0.966439652,Europe,Ireland,5267000,1894920817.3799999
israel,17258554.0,2876425.666666667,8564766.728,231480.1818378379,816250539.0,18551148.61363636,High income,,,,,,100.0,43.95756753923515,0.0,0.0,0.0,0.0,23.09978797296063,0.0,10.9,0.0,0.0,286.375,271.877,823523.0,3992454262480.987,-2.381878738094869,67386.2576084117,0.0,0.754770427942276,1213.0,0.0,0.0,0.0114465745900466,497541.2,0.0539698862119054,0.0,32.34893496146653,24.84542934542744,7892.0,0.0765955285382078,26950.0,37.64499950408936,430.921,3.6175,3.6175,Asia,Israel,9727000,807685772.272
italy,1093739178.0,17360939.33333333,27262577.689,432739.3283968254,1401355449.653,22243737.29607936,High income,,,,,,100.0,40.99722991689751,0.0,0.0,0.0,0.0,11.0803324099723,0.0,9.7,106.2823730016671,0.0,0.0,4.0157557864888,0.0,27450656032.26535,-5.399999999999991,9251.180751183272,0.0,0.9763031899929048,182.0,0.0,0.0,0.0,0.0,0.0,0.0,55.11449676823638,25.70946569572908,0.0,0.205820750325272,0.0,34.64599990844728,343.271,0.966439652,0.966439652,Europe,Italy,58870000,1374092871.9640002
jamaica,1608371.97,67015.49875,361141.6,6566.210909090909,3971759.069,66195.98448333333,Upper middle income,,,,,,100.0,11.99451303155007,0.0,0.0,0.0,0.0,11.25925925925926,0.0,204.54,216.2788852439277,0.0001916861391198,0.0,888.995,16174.0,9977529634545.654,-2.886109016853311,79203.33066461989,0.0,2.9898784160614,756.287,0.0,0.066819190027453,0.0032687680023751,2500.0,0.0008254098434836,0.0,68.40877914951989,0.0,47871.93,0.0977164340149517,117083.0,10.74099993705749,552.0070000000001,156.1563864,156.1563864,North America,Jamaica,2827000,3610617.469
japan,17584998704.0,314017834.0,55398372.509,1204312.445847826,6171559500.126,110206419.6451072,High income,5.412222222222223,3.443888888888889,7.036296296296297,4.362777777777778,20218.67388888889,99.9000015258789,11.58862085276032,0.0,0.0,0.0,0.0,2.319976574993806,0.0,3.8,75.97080787332338,0.0,0.0,18.877,10422.0,88941321267.60564,0.6583803054783601,8688.605248451411,0.0,0.35395297408104,5.0,0.0,0.0,0.0098350831629136,0.0,0.0006027528525939,0.0,1.09804716534901,15.98209819347625,30.0,0.0325510591750997,1250.0,75.4940013885498,551.482,156.6152273,156.6152273,Asia,Japan,124370000,6116161127.617001
jordan,182719.0,11419.9375,180948.099,2872.192047619048,5772233.374000001,88803.59036923078,Lower middle income,,,,,,100.0,79.26925213912656,206.0,38.0,10.0,2.0,10.94684594584584,0.0,0.0,26.6339669103922,0.575777992397512,0.0,97.837436870639,2222457.0,361896653759.1995,1.49999999979579,19163.1269765761,0.0,0.2021355181932452,711.0,0.0,4.63352498193997,0.985110689940521,1151628.0,9.33823510730207,0.0,1.279653294810535,8.318809313828798,12704.0,15.540060010062,4000.0,19.34999990463257,348.661,0.709681818,0.709681818,Asia,Jordan,11628000,5591285.275
kazakhstan,39933590.0,1479021.851851852,2071857.022,47087.65959090909,51414504.188,1071135.503916667,Upper middle income,,,,,,71.4379425048828,48.54693045647819,0.0,0.0,0.0,0.0,10.19081421091471,0.0,0.0,0.0,0.0,0.0,10.7923,0.0,211013622183.0756,7.267199682070483,3878.956266578096,0.0,-0.730206817388535,623.0,0.0,0.0057535912778948,0.0,275000.0,0.0158105378352324,0.0,6.344818498084829,14.29853623926809,0.0,1.22436450669567,0.0,22.32000017166137,175.647,525.0090909,525.0090909,Asia,Kazakhstan,19606000,49342647.166
kenya,14409747.169,288194.94338,1775773.992,37782.42536170213,38415407.243,738757.8315961539,Lower middle income,,,,,,91.9630279541016,41.9753086419753,0.0,0.0,0.0,0.0,2.469135802469136,0.0,0.0,0.0,0.0,0.0,0.032037,0.0,180911843.6446218,-0.5469868843074153,1514.591059094669,0.0,0.0283911433070897,0.0,0.0,0.0,0.0,0.0,0.0,0.0,1.45679012345679,26.28298395483922,0.0,0.0471143928163846,0.0,0.0,344.312,129.3190909,129.3190909,Africa,Kenya,58411000,36639633.251
kiribati,95928.65,5995.540625,847.031,60.50221428571428,68199.986,4262.499125,Lower middle income,,,,,,100.0,8.417508417508419,0.0,0.0,0.0,0.0,0.4489337822671157,0.0,9.6,0.0,0.0,0.0,66.942201844709,0.0,105960225688.1453,-8.855278923490843,24811.76971002309,0.0,-0.2023308016359808,0.0,96.4575424194336,0.0,0.394811128692683,0.0,31.6130482772066,0.0,0.3507295173961841,0.0,0.0,32.0083464740326,1200.0,13.88599991798401,600.0,..,..,Oceania,Kiribati,133000,67352.955
kuwait,4146766.472,106327.3454358974,2202884.648,53728.89385365854,47407187.82900001,1102492.740209303,High income,,,,,,99.9810485839844,54.05526590198123,0.0,0.0,0.0,0.0,6.712200208550574,0.0,0.0,0.0,0.149120257966966,0.0,16.174,67960.0,16324298039.27394,-4.787751600147175,2458.764343705463,29.0,-1.259873569011688,264.0,0.0,10.9588231474043,0.0018462320097767,0.0,0.0889833599103433,67.6,6.85808133472367,0.0,910.0,11.2128342029648,0.0,34.98600101470947,225.987,..,..,Asia,Kuwait,4307000,45204303.18100001
kyrgyzstan,4867601.112,167848.3142068966,151036.758,5034.5586,1328752.0,44291.73333333333,Lower middle income,,,,,,100.0,8.791161178509533,17.0,2.0,0.0,0.0,5.303292894280762,0.0,0.0,0.0,0.0,0.0,29.9737,0.0,37808949235.09447,3.031382830711678,5160.308914560504,0.0,-1.363090097904206,1797.0,0.0,1.65666034851369,0.0,0.0,0.0,0.0,71.90424610051993,0.0,1878.0,3.14311626049357,0.0,4.710000038146971,227.54,87.16957143,87.16957143,Asia,Kyrgyzstan,6893000,1177715.242
latvia,76120106.723,1409631.605981481,1203183.93,22281.18388888889,48838845.37199999,904423.0624444444,High income,,,,,,100.0,65.4613880742913,0.0,0.0,0.0,0.0,13.2258064516129,0.0,0.0,0.0,0.0,0.0,19.377065587195,4632.0,44025540701.38255,-36.4271210867267,6472.234699167479,0.0,-2.47060823440551,0.0,0.0,0.0,0.0,0.0,0.0,0.0,14.01075268817204,10.87878783974529,0.0,0.0028570609861911,0.0,55.4549989700317,536.0889999999999,0.966439652,0.966439652,Europe,Latvia,1757000,47635661.44199999
lebanon,1033268.0,93933.45454545454,1725353.256,33830.456,26433002.211,518294.1610000001,Lower middle income,,,,,,47.3527374267578,85.63899868247694,0.0,0.0,0.0,0.0,19.63109354413702,0.0,0.0,0.0,0.0,0.0,0.501,0.0,4769186609.504904,-6.540862804848771,2217.093300219424,0.0,-1.864570081233979,0.0,0.0,0.0,0.0,0.0,0.0,0.0,1.137022397891963,18.31329146761482,0.0,5.09557238970505,0.0,96.3649978637695,181.153,89541.31114,89541.31114,Asia,Lebanon,5489000,24707648.955
lesotho,23074.0,23074.0,181217.827,6248.890586206897,1749449.645999999,60325.84986206895,Lower middle income,,,,,,27.5347099304199,20.28696013289037,0.0,0.0,0.0,0.0,5.191029900332226,0.0,0.0,0.0,0.0,0.0,0.897,0.0,6526723910.0,1.017517847800278,1274.152072882794,0.0,-2.81160223484039,0.0,0.0,0.0,0.0,0.0,0.0,0.0,79.08471760797342,0.0,0.0,15.6644877788783,0.0,15.50199985504151,319.967,18.743,18.743,Africa,Lesotho,2125000,1568231.818999999
liberia,2151.0,537.75,133131.606,19018.80085714286,734323.23,91790.40375,Low income,,,,,,69.7073516845703,8.723871011741705,0.0,0.0,0.0,0.0,0.977528217602328,0.0,0.0,0.0,0.0,0.0,30.094924388703,281503.0,94199795149.2681,7.442639779145267,13632.77065656989,0.0,-3.56363976001739,0.0,0.0,0.0,1.4633565577504,1545361.4,21.1421479342577,0.0,0.1233276879184332,0.0,0.0,22.7403164689885,1750.0,78.4540004730225,488.704,..,..,Africa,Liberia,5418000,601191.624
lithuania,51704344.0,957487.8518518518,1422531.476,26343.17548148147,91981723.0,1703365.240740741,High income,,,,,,100.0,51.32571490720385,0.0,0.0,0.0,0.0,24.13321628613379,0.0,0.0,0.0,0.0,6.188,0.88,0.0,160063936130.807,5.110327479410941,252038.9523119338,0.0,3.55175042152404,0.0,0.0,0.0,0.0,0.0,0.0,0.0,34.45382721036644,25.2409031624588,0.0,0.0078773771162698,3400.0,22.04700040817261,551.795,0.966439652,0.966439652,Europe,Lithuania,2572000,90559191.524
luxembourg,388652356.768,6940220.656571428,1153342.592,18307.02526984127,89582040.632,1399719.384875,High income,,,,,,100.0,0.0,0.0,0.0,0.0,0.0,0.0,0.0,0.0,0.0,0.0,5.2786,0.562,0.0,55491301258.09157,-36.02054838755237,84824.76254219309,0.0,2.25358176231384,0.0,0.0,0.0,0.0,0.0,0.0,0.0,0.0,21.62033075437601,0.0,0.0008747552942897,0.0,10.40499973297119,600.0,0.966439652,0.966439652,Europe,Luxembourg,654000,88428698.04
madagascar,1230391.73,64757.45947368421,633914.6430000002,14742.201,2115432.607,49196.10713953488,Low income,,,,,,33.7350769042969,70.29047782743211,0.0,0.0,0.0,0.0,5.156411137848058,0.0,0.0,0.0,0.0,0.0,2.122976,0.0,27862992199.31213,-2.738269999997598,992.5189031368524,0.0,-2.02842116355896,40.0,0.0,0.0,0.0,0.0,0.0609599277642179,0.0,21.36440357511172,9.395362539895409,120.0,5.33849784965124,0.0,9.61700010299683,241.314,4682.381591,4682.381591,Africa,Madagascar,30039000,1481517.9639999997
malawi,290677.0,96892.33333333331,713466.4039999999,22295.825125,4457136.033,131092.2362647059,Low income,,,,,,14.8667688369751,59.92787441663131,0.0,0.0,0.0,0.0,38.18413237165889,0.0,0.0,0.0,0.0086300934687436,0.0,1.588,0.0,24798846543.31763,3.551414738532273,1278.943225372829,0.0,-1.565993964672088,682.0,0.0,0.0020916843745224,0.0,0.0,0.0,0.0,23.77704709376326,11.71928378690079,0.0,3.97125796832394,0.0,27.5570001602173,108.913,1734.941295,1734.941295,Africa,Malawi,22828000,3743669.6289999997
malaysia,3287285915.0,64456586.56862745,68586243.417,1491005.291673913,2727844699.224,50515642.57822222,Upper middle income,,,,,,100.0,26.08735352305585,0.0,0.0,0.0,0.0,2.514077005022067,27.9,7.3,62.08927823560047,0.0152016869282481,0.0,145.19265126661,22603.0,709707382609.9631,-2.514350271124599,21783.44668703097,0.0,2.050768673419952,350.634,0.0,0.0,1.77973615801951,1939.6,1.58527252358927,0.0,58.17695936691523,10.89916322830727,13529.0,5.23302355090739,18750.0,17.07300043106079,470.657,4.472571429,4.472571429,Asia,Malaysia,34045000,2659258455.807
maldives,469699.0,19570.79166666667,68445.226,3111.146636363636,3755283.946,150211.35784,Upper middle income,,,,,,100.0,21.33333333333334,0.0,0.0,0.0,0.0,13.0,0.0,0.0,0.0,0.0,0.0,0.57692545918043,0.0,8632436899.066534,-2.53705984436148,15918.74709640666,0.0,0.3795292349532248,0.0,0.0,0.0,0.0,0.0,0.0,0.0,2.733333333333333,0.0,0.0,0.0049851221551914,0.0,22.1720004081726,250.53,15.33677273,15.33677273,Asia,Maldives,569000,3686838.72
mali,3388.0,564.6666666666666,63197.3,3510.961111111111,1444889.689,80271.6493888889,Low income,,,,,,50.5614166259766,33.76605282783829,0.0,0.0,0.0,0.0,5.254099771347085,0.0,0.0,0.0,0.0,0.0,3.1991622392541,0.0,36609134282.18478,1.834419599480583,1780.366075261649,0.0,-2.38905119895935,0.0,30.7614097595215,7.15727644296822,0.0,0.0,0.0,0.0,10.89666363435203,14.16453986252795,0.0,9.36758588279216,0.0,30.32100009918213,274.815,..,..,Africa,Mali,24878000,1381692.389
malta,5888665.199,101528.7103275862,455725.012,9114.50024,14868733.698,256357.4775517242,High income,,,,,,100.0,32.4375,0.0,0.0,0.0,0.0,28.34375,0.0,0.5,0.0,0.0,0.0,2.085705,43225.0,32106768973.84034,1.064740195352755,62203.88471155157,0.0,1.9241104722023,0.0,0.0,0.0,0.0,0.0,0.0,0.0,1.4375,23.80939216211675,0.0,0.0,0.0,13.99400019645692,569.448,0.966439652,0.966439652,Europe,Malta,544000,14413008.686
mauritania,13339.0,3334.75,3344352.22,159254.8676190476,2899704.14,138081.1495238095,Lower middle income,,,,,,47.3484191894531,38.47967400795576,0.0,0.0,0.0,0.0,0.3880857669544969,0.0,0.0,0.0,0.554005745105639,0.0,1.7681188444015,0.0,16143566254.20135,0.5364267471224906,3425.500824736122,0.0,-1.540947318077087,0.0,0.0,0.610327269946857,0.0,0.0,0.0,0.0,0.3034830697584167,0.0,0.0,2.47649463961072,0.0,44.3930006027222,343.741,..,..,Africa,Mauritania,5016000,-444648.0800000001
mauritius,3232731.445,54792.0583898305,151969.868,2979.801333333333,3235339.558000001,54836.26369491527,Upper middle income,,,,,,99.6616516113281,42.36453201970443,0.0,0.0,0.0,0.0,36.94581280788177,0.0,0.0,0.0,0.0,0.0,2.7363,0.0,22083478373.09943,-10.85445593408576,17444.86110769965,0.0,1.733928978443145,45.0,0.0,0.0,0.0,0.0,0.0,0.0,19.09852216748768,21.61828423387686,195.0,0.002878405211694,0.0,28.18599987030029,245.199,46.78884091,46.78884091,Africa,Mauritius,1266000,3083369.6900000013
mexico,428333005.0,28555533.66666667,924234451.335,17438385.87424528,3258635670.0,58189922.67857143,Upper middle income,,,,,,99.4000015258789,49.96939221687801,0.0,0.0,0.0,0.0,10.32485403431158,0.0,17.1,0.0,0.0159413367737608,267.34,305.45,4680797.0,2380155649433.488,-3.370166261030363,18358.08778500197,45.4,-0.554825499653817,1051.0,95.2478485107422,0.411715361974687,0.0686974765524731,1867000.0,1.447821520573,32.5,33.79309138609533,14.33149078237885,5378.0,2.08990491135674,23006.0,16.41600012779236,488.631,20.60056818,20.60056818,North America,Mexico,131562000,2334401218.665
mongolia,3017648.1,137165.8227272727,31452.974,1497.760666666667,1567732.16,68162.26782608696,Upper middle income,,,,,,98.0999984741211,72.35894359043772,66.0,53.0,2.0,3.0,0.8606574927429063,0.0,0.0,73.93678351607542,5.34041071012464,0.0,6.7677333027866,0.0,28411004423.18364,-3.136742876511804,8595.869106336195,0.0,-0.835495710372925,1868.059,99.1832733154297,7.96612201305011,0.0,0.0,1.26823593921714,0.0,9.09965848797644,14.14578723273228,816.0,14.7790094545912,0.0,26.21799993515016,414.176,3428.860476,3428.860476,Asia,Mongolia,3468000,1536279.186
mozambique,9977434.0,356336.9285714286,182226.761,5694.58628125,10550621.687,310312.4025588235,Low income,,,,,,30.603832244873,52.66389277448562,27.0,132.0,1.0,5.0,7.184821587527658,0.0,0.0,102.884165174665,2.1217883102154,0.0,17.8041208798841,63588.0,30124639968.39699,0.9909135573822,949.2886998927008,0.0,-1.540902853012085,987.0,0.0,0.0219989037698267,1.78731949829612,0.0,0.329396636131896,0.0,46.72519646990004,21.84373712787903,0.0,11.701826849241,0.0,14.61899995803833,230.872,63.70288636,63.70288636,Africa,Mozambique,34626000,10368394.926
myanmar,12649762.519,1149978.410818182,446739.9000000001,31909.99285714286,34593316.21,2306221.080666667,Lower middle income,,,,,,70.3971939086914,19.93043957896027,0.0,0.0,0.0,0.0,16.88142552898096,0.0,0.0,0.0,0.0082414680824919,0.0,23.242051874169,217071.0,143998066211.77,-14.8109679369154,2637.901157640346,0.0,-2.42699408531189,408.984,0.0,0.722423116154153,1.81420282283773,260018.4,0.0945996633026281,0.0,43.73403098043422,0.0,160.0,4.41442945735495,4000.0,7.4060001373291,191.788,..,..,Asia,Myanmar,55274000,34146576.31
namibia,61171171.464,2352737.364,3398871.546000001,65362.91434615386,17657605.466,304441.4735517242,Upper middle income,,,,,,56.2586936950684,47.14013288148769,0.0,0.0,0.0,0.0,0.9717110617157988,0.0,0.0,0.0,0.0,0.0,1.07,0.0,22798888159.72758,-5.435296766994952,8886.29044354405,0.0,0.1271056868135929,106.0,0.0,1.1806438998958,0.0,0.0,0.0,0.0,8.063865709531271,31.22470975278194,120.0,2.01391384819209,3000.0,84.6229972839356,326.356,18.743,18.743,Africa,Namibia,2727000,14258733.919999998
nepal,1156073.0,82576.64285714286,86621.57900000001,6663.198384615385,6218885.842999999,365816.8142941176,Lower middle income,,,,,,89.9000015258789,28.7478200209278,0.0,0.0,0.0,0.0,14.74502964771538,0.0,0.0,39.04856312831045,0.0018864473287372,0.0,3.08705624002417,0.0,69722500885.34697,1.877319514926199,2370.350764980824,0.0,-1.81126070022583,0.0,0.0,0.0,0.0,32387.2,0.0,0.0,41.59072200906871,15.77364973172629,0.0,0.514043067607945,0.0,20.0920000076294,130.142,138.0061818,138.0061818,Asia,Nepal,31988000,6132264.2639999995
netherlands,3333049234.33,62887721.40245283,80893705.75199999,1617874.11504,2693121264.81,48091451.15732143,High income,,,,,,100.0,53.8892188892189,0.0,0.0,0.0,0.0,29.84348084348084,0.0,9.0,0.0,0.0,109.796,117.515,262975.0,1931872452739.482,1.237266031805873,110457.0338778884,0.0,3.61050724983216,320.0,0.0,0.0,0.116148533229392,178427.5,0.032546865841854,0.0,10.97416097416097,24.27299258213087,4152.0,0.153140296707232,8500.0,14.67400026321411,558.0339999999999,0.966439652,0.966439652,Europe,Netherlands,17718000,2612227559.058
new zealand,16386344.0,431219.5789473684,1252225.131,22361.16305357143,129614767.914,1580667.901390244,High income,,,,,,100.0,38.56291063765143,0.0,0.0,0.0,0.0,2.001443165850139,0.0,0.0,46.32825942475966,0.0213858997669028,0.0,43.751,81627.0,461726044544.5385,3.394142220091595,90398.19063030773,0.0,2.93112516403199,9.0,0.0,0.0489792786228062,0.195353642443103,115000.0,0.0441204407739315,0.0,37.57012646690212,27.50136750513771,500.0,1.45326272030597,0.0,16.54000020027161,521.6510000000001,1.777137594,1.777137594,Oceania,New Zealand,5122000,128362542.783
nicaragua,45721.0,5080.111111111111,185929.08,5025.110270270271,2410652.41,63438.22131578948,Lower middle income,,,,,,88.9073791503906,42.08908093734419,0.0,0.0,0.0,0.0,12.49792255276716,0.0,0.0,0.0,0.0,0.0,4.6628941241408,0.0,26599963484.69918,8.555521020917922,3990.797055407296,0.0,-1.502764105796814,0.0,0.0,0.0601409161213112,0.0,0.0,0.0,0.0,28.31585507728104,17.19942997533903,0.0,1.63272147554266,0.0,23.32399988174438,358.324,36.80384091,36.80384091,North America,Nicaragua,7064000,2224723.33
niger,148944.0,13540.36363636364,285993.0,9225.58064516129,1555361.693,48605.05290624999,Low income,,,,,,19.2519092559814,36.78613720691561,0.0,1.0,0.0,0.0,13.97331649167127,0.0,0.0,0.0,0.0190150786348013,0.0,0.4045,0.0,28692328325.40895,4.932060151617151,1162.59500113287,0.0,-1.249354183673858,113.0,0.0,0.151760452964169,0.0,0.0,0.732430911740999,0.0,0.8523723059919476,0.0,0.0,5.56656437554232,0.0,2.675000011920929,101.985,..,..,Africa,Niger,27202000,1269368.693
nigeria,794746.623,113535.2318571429,17677673.391,519931.5703235295,75312385.825,2092010.717361111,Lower middle income,,,,,,55.4000015258789,76.25421346772511,0.0,0.0,0.0,0.0,38.42902159711014,22.2,0.0,0.0,0.000239880436702,0.0,28.154307926995,416245.0,873070747798.4127,1.852933458671046,4182.123237669575,0.0,-2.111895382404323,756.0,0.0,0.0051663570319101,0.772394954921723,1297000.0,4.40967384696464,0.0,23.74578653227489,0.0,0.0,6.22917047432397,1300.0,38.35299968719482,323.3,1547.885909,1547.885909,Africa,Nigeria,233798000,57634712.434
norway,121277125.0,2165662.946428571,9042989.346,161481.9526071429,705115703.245,12591351.84366071,High income,,,,,,100.0,2.706567659936588,0.0,0.0,0.0,0.0,2.208427467504838,4.65,0.01,0.0,0.0004914536322465,124.288,153.669,2702225.0,844635338225.7139,3.205482540485775,156532.4283292405,0.0,3.76640224456787,0.0,0.0,0.0,1.71740028373762,1483571.5,4.28975028571155,0.0,33.43535967717584,21.08504019617646,0.0,6.05729796344129,0.0,18.37400007247925,502.906,11.35388636,11.35388636,Europe,Norway,5560000,696072713.899
oman,1068674.0,38166.92857142857,1456458.886,26481.07065454545,52329616.606,886942.654338983,High income,,,,,,100.0,4.713828756058158,0.0,0.0,0.0,0.0,0.2412277867528271,10.8,0.0,0.0,0.0,0.0,34.216039767202,212256.0,159840017945.3836,-3.200935989904195,30924.68256467607,0.0,0.017466224730014,187.0,0.0,0.0,1.59693101779293,886000.0,19.366174984889,0.0,0.0080775444264943,0.0,0.0,20.9650708581347,5100.0,12.03000020980835,528.015,..,..,Asia,Oman,4520000,50873157.72
pakistan,107514694.888,2337275.975826087,682427.402,17958.61584210526,60852881.119,1322888.719978261,Lower middle income,,,,,,75.3796920776367,47.63776463262764,4.0,9.0,0.0,0.0,40.12297633872976,0.0,14.5,0.0,0.0511780457029691,0.0,117.082,0.0,646649502183.7404,4.700232350283912,2897.450932223966,0.0,-0.9431964755058292,2778.75,0.0,0.0562690996778144,0.314626934870553,220000.0,0.295068814311279,0.0,4.833307388958074,0.0,5090.0,0.891481758540366,2380.0,16.82400012016297,227.449,278.6381818,278.6381818,Asia,Pakistan,251758000,60170453.717
panama,449681.0,56210.125,679718.9670000001,13327.82288235294,27980925.0,518165.2777777778,High income,,,,,,96.7046356201172,29.30843893232677,0.0,0.0,0.0,0.0,7.616608250202211,0.0,1.5,0.0,0.0,0.0,10.9592,0.0,117582102800.0,-2.609045031052048,27026.29333850016,0.0,0.356895267963409,33.0,0.0,0.0,0.0,860000.0,0.0,0.0,56.80560798058776,0.0,426.0,0.11974655380302,0.0,47.9290008544921,415.998,1,1,North America,Panama,4606000,27301206.033
papua new guinea,635371.24,57761.02181818182,55098.876,5509.8876,4876188.164,375091.3972307692,Lower middle income,,,,,,60.4000015258789,2.627743673541492,0.0,0.0,0.0,0.0,0.662456388287771,6.6,0.0,47.06423760791114,0.0,0.0,4.241693,172390.0,51261329268.90343,-1.999999987065237,5673.368367477382,0.0,-1.731069922447204,22.0,0.0,3.05084419384142,4.09709307884612,150000.0,1.53382336805543,0.0,79.17625756304376,11.48488459057857,0.0,10.7807521651458,0.0,10.37100005149841,82.04,4.017565936,4.017565936,Oceania,Papua New Guinea,10329000,4821089.288
paraguay,2556.0,2556.0,604855.9869999998,18328.9693030303,6626720.062,200809.6988484848,Upper middle income,,,,,,100.0,42.30843191542915,0.0,0.0,0.0,0.0,11.9154291467405,0.0,0.0,0.0,0.0,0.0,49.34192,0.0,74400000000.0,3.38009627519061,10367.79103806913,43.5,-1.161075592041016,0.0,94.544548034668,0.0,0.0,0.0,0.0,22.3,40.52922225018877,9.514999285809852,0.0,1.63378068844814,0.0,28.81399965286255,377.973,7890.509091,7890.509091,South America,Paraguay,7704000,6021864.075
peru,37965580.0,807778.2978723404,558835.851,11404.81328571429,19066108.482,389104.2547346939,Upper middle income,,,,,,99.3118133544922,19.1236640625,0.0,0.0,0.0,0.0,2.7970515625,4.45,0.0,34.66897903163805,0.0024332527011896,0.0,52.414963921721,82828.0,425000000000.0,2.396810145296129,12809.74194579623,43.8,-0.524728387594223,28.0,94.497932434082,1.8567771035305,0.146295567756329,260000.0,0.177919471507211,42.7,56.5081015625,13.2018858999617,135.0,2.31640637176543,1250.0,20.17300009727478,472.928,3.750309524,3.750309524,South America,Peru,34049000,18507272.631
philippines,162718618.416,4282068.90568421,11317592.791,269466.4950238095,527334583.11,11984876.88886364,Lower middle income,,,,,,96.8423843383789,42.50930677130496,26.0,14.0,0.0,0.0,18.74769426837039,0.0,0.0,0.0,0.0393381442525401,0.0,97.46,189629.0,755837535635.5972,-3.815138772184511,6850.046925157298,0.0,0.1698195263743401,2138.918,0.0,0.416641733749707,0.10290054048004,100000.0,0.0026155219410561,0.0,24.10903176040514,13.95098570736731,10289.0,0.743294763185861,9200.0,9.43699979782104,288.928,58.41013636,58.41013636,Asia,Philippines,115559000,516016990.319
poland,3246816744.355,64936334.8871,31556638.58199999,606858.4342692307,1337300539.0,25232085.64150943,High income,,,,,,100.0,47.23810146016398,232.0,40.0,29.0,2.0,35.67438669846143,0.0,3.6,0.0,0.158359270678193,149.203,145.931,394805.0,1270672622117.04,3.191923013661295,33583.37477630419,0.0,0.6526249647140501,230.021,0.0,0.211993848633658,0.0349702471905807,795118.8,0.0285873432141697,0.0,30.97703589978114,17.56056761291742,30199.6,0.620175073920231,8600.0,12.1230001449585,361.267,4.107659091,4.107659091,Europe,Poland,37627000,1305743900.418
portugal,106958147.0,2325177.108695652,3677437.754,65668.53132142857,97854645.817,1747404.389589286,High income,,,,,,100.0,42.27667195018645,0.0,0.0,0.0,0.0,10.38729400822657,0.0,5.8,0.0,0.0,48.409,52.222,0.0,478425709400.0925,-3.561245868340393,46456.74705019239,0.0,2.006779968738557,20.0,0.0,0.0883209783991749,0.0,0.0,0.0,0.0,36.15499489114202,22.08883029521109,1978.0,0.198843371413261,0.0,25.20099973678589,405.802,0.966439652,0.966439652,Europe,Portugal,10127000,94177208.06300001
qatar,921503.0,184300.6,1944745.798,84554.16513043478,40435689.633,1758073.462304348,High income,,,,,,100.0,6.440382941688425,0.0,0.0,0.0,0.0,1.827676240208877,77.4,0.0,0.0,0.0,0.0,44.519804777129,663396.0,323982146895.819,-2.117052449400092,111400.3842049292,0.0,2.014172971248631,0.0,0.0,0.0,3.32584612767471,0.0,11.655722914041,0.0,0.0,0.0,0.0,14.9816568086737,2558.0,0.6839999929070469,595.989,..,..,Asia,Qatar,3055000,38490943.835
romania,1529210378.611,31858549.55439584,14853693.482,322906.3800434783,540365324.2200001,10195572.15509434,High income,,,,,,100.0,59.07075799721836,27.0,5.0,1.0,0.0,38.74739221140473,0.0,0.0,57.53208557235485,0.0168394271842931,0.0,51.791407,407962.0,533598897343.3009,2.131760190685384,27818.47542155015,0.0,-0.386989191174507,1091.0,0.0,0.0132157446313996,0.185844581938186,0.0,0.246720226511633,0.0,30.1158292767733,14.28034496458251,4675.0,0.63418856157569,3000.0,19.33300018310546,327.677,4.808,4.808,Europe,Romania,18817000,525511630.73800015
russia,791146020.0,16482208.75,11458624.843,233849.4865918367,414249571.767,8284991.43534,High income,,,,,,100.0,13.15843625796627,503.0,722.0,30.0,42.0,7.428098287401682,26.76,2.7,23.06546503620639,0.375095937141151,0.0,1026.65506,14067934.0,3264121794842.715,2.136495443191052,22334.767578125,36.0,-0.2537582516670228,710.115,0.0,1.03009027478443,2.29311454781007,7809394.4,6.05931737852333,4.1,49.78433607887222,10.83361552360195,44845.3,10.1582789812053,85927.0,19.86300039291382,451.469,103.0445455,103.0445455,Europe,Russia,145167000,402790946.924
rwanda,11311.0,3770.333333333333,1245180.03,44470.71535714285,2410124.247,77745.94345161288,Low income,,,,,,46.5999984741211,73.43737332792865,0.0,0.0,0.0,0.0,46.68423186055939,0.0,0.0,0.0,0.0,0.0,0.8348,0.0,21254701961.65121,7.525665841170564,1620.131690457701,0.0,0.5696415305137641,0.0,0.0,0.0,0.0,0.0,0.0,0.0,11.18767734089988,15.0597292540353,0.0,3.8968564191592,0.0,5.822999954223629,106.983,1388.278068,1388.278068,Africa,Rwanda,14094000,1164944.217
samoa,8820.0,801.8181818181819,2661.227,295.6918888888889,252669.671,21055.80591666667,Lower middle income,,,,,,100.0,17.77338129496403,0.0,0.0,0.0,0.0,4.061151079136691,0.0,0.0,0.0,0.0,0.0,0.14716,0.0,1595537499.218159,-10.66845269332924,8007.192561206733,0.0,1.095793306827545,0.0,0.0,0.0,0.0,0.0,0.0,0.0,58.15467625899281,26.28460792002801,0.0,0.299264492238178,0.0,38.14200019836426,105.527,2.815976466,2.815976466,Oceania,Samoa,221000,250008.444
saudi arabia,1633590.0,108906.0,7793782.348,149880.4297692308,149590529.858,2770194.99737037,High income,,,,,,100.0,80.75393052021454,0.0,0.0,0.0,0.0,1.595772832361875,0.0,0.0,0.0,0.0,0.0,344.20937763672,0.0,1536909077791.869,-0.8967406070457287,43789.55450784681,0.0,0.636083349585533,0.0,97.5850677490234,0.0679889796157882,0.447679922872106,6645322.1,17.6953434542833,0.0,0.4544841349217794,8.599394773796268,0.0,18.2121233911,11700.0,27.72199964523315,509.036,3.752954545,3.752954545,Asia,Saudi Arabia,36947000,141796747.51000002
senegal,114628.0,8817.538461538461,598729.0,13923.93023255814,3931717.246,91435.28479069768,Lower middle income,,,,,,70.3689422607422,46.11229418791877,0.0,0.0,0.0,0.0,16.62078637095518,0.0,0.0,0.0,0.0,0.0,4.9629024752014,0.0,52118545935.397,7.390001108395012,3069.280229757491,0.0,0.024256132543087,188.0,0.0,1.68081485598032,0.0074826281368898,0.0,0.0,0.0,41.90598867708929,0.0,30.0,3.20727924948464,0.0,13.91399979591369,296.056,..,..,Africa,Senegal,18733000,3332988.246
seychelles,131297.0,65648.5,313860.942,12554.43768,2831257.777999999,108894.5299230769,High income,,,,,,100.0,3.369565217391304,0.0,0.0,0.0,0.0,0.3260869565217391,0.0,0.0,0.0,0.0,0.0,0.5362,0.0,2520688282.387445,-5.876617424696704,25500.61247428388,0.0,1.668883562088012,0.0,0.0,0.0,0.0,0.0,0.0,0.0,73.26086956521739,0.0,0.0,0.155541130799549,0.0,0.0,351.639,14.58619048,14.58619048,Africa,Seychelles,101000,2517396.835999999
singapore,760020033.0,44707060.76470588,191802410.083,3551896.483018518,10647877109.973,197182909.4439444,High income,,,,,,100.0,0.9192200557103064,0.0,0.0,0.0,0.0,0.7799442896935933,0.0,11.0,153.4112539231679,0.0,0.0,50.31612,5910.0,742282833787.0249,3.470856993765409,133523.4533713532,0.0,4.616347312927241,0.0,97.1318511962891,0.0,0.0,0.0,0.0,0.0,21.68523676880223,12.88651840953618,0.0,0.000221871818262,2000.0,15.52699995040894,600.0,1.362113636,1.362113636,Asia,Singapore,5637000,10456074699.89
slovenia,108863910.08,1943998.394285714,4209168.931,75163.73091071428,76040916.739,1357873.513196429,High income,,,,,,100.0,30.3177330605272,0.0,0.0,0.0,0.0,8.990186925170338,0.0,0.0,0.0,0.0175427710511809,13.447,16.298,6826.0,115115941470.2089,3.885296709461741,54690.32010679453,0.0,2.33621251583099,100.0,0.0,0.0,0.0005620573214417,2706.8,0.0012887747702625,0.0,61.47225919230846,16.95270514888877,1069.0,0.213281507220359,0.0,16.71699953079224,335.624,0.966439652,0.966439652,Europe,Slovenia,2076000,71831747.808
solomon islands,82287.0,27429.0,1183.076,295.769,126647.667,25329.5334,Lower middle income,,,,,,73.3464813232422,4.180064308681672,0.0,0.0,0.0,0.0,0.7145409074669525,0.0,0.0,11.39166971623218,0.0,0.0,0.107601,0.0,3191102307.850464,-4.496959135082378,4587.569298038008,0.0,-1.743137180805206,0.0,0.0,0.0,0.0,0.0,0.0,0.0,90.13826366559483,20.91889345380799,0.0,19.0273936648092,0.0,3.445000052452089,154.842,8.429331556,8.429331556,Oceania,Solomon Islands,769000,125464.591
south africa,178223225.451,3182557.597339286,1460092.229,29201.84458,138565827.613,2234932.703435483,Upper middle income,,,,,,84.3855361938477,79.41785028316119,473.0,296.0,27.0,11.0,9.892093744075048,0.0,0.0,0.0,1.62403711487131,0.0,223.20996,43240.0,755388529492.4249,-1.517372165274509,12650.07930746071,0.0,0.0793616622686387,2163.511,0.0,1.46236657849971,0.0095444426130649,152000.0,0.003217371897764,0.0,14.05509071874304,23.45379204494024,41903.9,3.91146554622915,7600.0,128.6139965057373,411.426,18.74304545,18.74304545,Africa,South Africa,60414000,137105735.384
spain,692301664.8759999,11733926.52332203,21325494.281,402367.8166226415,615456259.035,10257604.31725,High income,,,,,,100.0,52.33167922328408,0.0,0.0,0.0,0.0,23.29945606068357,0.0,45.7,140.7186780265271,0.0,233.267,253.987,35841.0,2706761226326.506,-5.693431366483836,57172.12763789573,0.0,1.83449912071228,194.0,98.5944595336914,0.0192083114880173,0.0002521008125605,0.0,0.0003897588166301,0.0,37.17730548854976,13.52727577392178,4874.7,0.0449928652347333,15687.0,57.15999889373779,488.577,0.966439652,0.966439652,Europe,Spain,46719000,594130764.754
sri lanka,43381906.01,903789.7085416666,154159.432,3759.986146341464,11182449.77,223648.9954,Lower middle income,,,,,,100.0,45.45748464274168,0.0,0.0,0.0,0.0,22.17911412867766,0.0,0.0,0.0,0.0,0.0,15.1999562565971,6851.0,165488513930.0698,0.0404408672214771,7508.756166940188,0.0,-0.129955317825079,1459.0,92.3823013305664,0.0,0.0,50000.0,0.0,0.0,34.15809893307469,8.095506192922578,900.0,0.0893376415807113,0.0,20.85099983215332,114.867,295.8531818,295.8531818,Asia,Sri Lanka,21411000,11028290.338
sudan,82.0,82.0,14760.373,2108.624714285714,239562.3,29945.2875,Low income,,,,,,55.3897018432617,37.15516059957174,0.0,0.0,0.0,0.0,11.23920770877944,0.0,0.0,0.0,0.0,0.0,13.958078636611,0.0,61313622001.58483,-3.515217412209452,1379.803100585938,0.0,-3.16327524185181,104.0,0.0,5.12773872601712,0.0,230869.8,3.21588058687045,0.0,9.828452890792292,0.0,0.0,12.3979778743956,0.0,78.0,217.081,..,..,Africa,Sudan,50738000,224801.927
suriname,121976.004,17425.14342857143,443280.372,20149.10781818182,2555243.913,116147.4505909091,Upper middle income,,,,,,98.2047729492188,0.5384615384615384,0.0,0.0,0.0,0.0,0.3974358974358975,0.0,0.0,0.0,0.0,0.0,2.31446403825242,0.0,5750000000.0,-19.38661538256378,9752.938299634836,0.0,-1.189091145992279,0.0,0.0,0.0,0.0,0.0,4.86697404047157,0.0,97.4121153846154,0.0,0.0,8.10230030599189,0.0,39.32399940490723,398.2910000000001,35.18335714,35.18335714,South America,Suriname,618000,2111963.541
sweden,475839101.0,8651620.018181818,21913527.695,398427.7762727273,751037166.913,13411377.98058929,High income,,,,,,100.0,7.37947833353596,0.0,0.0,0.0,0.0,6.232881519992318,0.0,0.6,44.44749666350127,0.0,124.609,160.04,367057.0,1168925050361.847,1.856429662406697,112539.1927639916,0.0,3.36216115951538,0.0,0.0,0.181977014845885,0.0,0.0,0.0,0.0,68.69907030761067,26.85001235146164,0.0,0.40602953909586,4810.0,31.82800054550171,531.629,11.0935,11.0935,Europe,Sweden,10587000,729123639.2179999
switzerland,2349932097.498,46998641.94996,12507793.537,266123.2667446809,1898012618.451999,33893082.47235713,High income,,,,,,100.0,38.06591147946795,0.0,0.0,0.0,0.0,10.11846331729174,0.0,0.0,20.54274170641461,0.0,56.406647,66.157647,255915.0,1565114974597.58,1.299326588245648,180557.8552189906,0.0,4.04250192642212,0.0,0.0,0.0,0.0,59990.4,0.0,0.0,32.11633354868898,9.216140526368925,0.0,0.0090763230828711,0.0,19.76300048828126,444.998,0.909409091,0.909409091,Europe,Switzerland,8797000,1885504824.914999
syria,7734.0,7734.0,97131.0,24282.75,659503.0,164875.75,Low income,,,,,,89.1403198242188,75.8100528236127,0.0,0.0,0.0,0.0,25.3880084953439,0.0,0.0,0.0,0.0,0.0,15.805488544115,7093.0,0.0,0.0,0.0,0.0,-3.47189295291901,9.0,0.0,0.0,0.0,1185.1,0.0,0.0,2.843108424549365,0.0,60.0,0.0,0.0,40.04500007629386,342.494,..,..,Asia,Syria,22125000,562372.0
thailand,828258619.0,15338122.57407407,9921937.244,187206.3630943396,737204504.812,12710422.49675862,Lower middle income,,,,,,96.1233139038086,22.95897780766644,0.0,0.0,0.0,0.0,7.498318762609281,0.0,0.0,0.0,0.0,0.0,0.502594,0.0,3861291543.83541,14.7718536941094,2900.555866208781,0.0,-1.522937536239624,0.0,0.0,0.0,0.0,0.0,7.0758564675877,0.0,61.94351042367182,0.0,0.0,7.18647424030923,0.0,19.52899980545044,193.617,34.29163636,34.29163636,Asia,Thailand,71801000,727282567.5680001
timor-leste,2198.0,1099.0,248116.092,19085.85323076923,1921795.23,128119.682,Low income,,,,,,53.9974327087402,70.23349880492738,0.0,0.0,0.0,0.0,48.72219157933444,0.0,0.0,0.0,0.0,0.0,0.5222904580394,4887.0,15987837546.27685,7.013419891908782,1907.279221815705,0.0,-1.343763828277588,0.0,0.0,1.36091463517349,0.0,0.0,0.0,0.0,22.23331494760066,0.0,0.0,4.31256072872224,0.0,15.6080002784729,265.275,..,..,Asia,Timor-Leste,1408000,1673679.138
togo,1407005.0,140700.5,2400496.0,82775.72413793103,7952950.470000001,274239.6713793104,Upper middle income,,,,,,100.0,48.61111111111111,0.0,0.0,0.0,0.0,27.77777777777778,0.0,0.0,0.0,0.0,0.0,0.06384,0.0,488829964.0708195,0.6546985957003528,4624.823448828439,0.0,0.57689368724823,0.0,0.0,0.0,0.0,0.0,0.0,0.0,12.43055555555556,0.0,0.0,0.0391118565536533,0.0,14.71900010108948,138.973,..,..,Africa,Togo,9062000,5552454.470000001
tonga,22209.0,2776.125,575.0,82.14285714285714,50114.0,6264.25,High income,,,,,,100.0,10.52631578947368,0.0,0.0,0.0,0.0,4.873294346978557,15.5,0.0,0.0,0.0,0.0,8.2007885159581,560694.0,42784338448.78413,-8.359592937980423,30529.06335424076,0.0,0.402449235320092,0.0,0.0,0.0,3.33628171164608,0.0,2.36946843809843,0.0,44.48148148148148,0.0,0.0,5.77408778878977,0.0,17.53999948501586,320.529,2.426238783,2.426238783,Oceania,Tonga,106000,49539.0
tunisia,17698600543.0,465752645.8684211,1700894.0,36975.95652173913,58290076.701,1267175.580456522,Upper middle income,,,,,,100.0,49.06513519483388,96.0,28.0,5.0,3.0,25.44859218065823,0.0,23.21,42.0779740298362,0.028014875886524,263.952,293.823,1781982.0,1535226573407.732,12.77973239111229,18123.04576966228,0.0,-0.214155644178391,2102.91,0.0,0.185891187848276,0.0026179609842049,1706132.2,0.0776709343118061,0.0,28.87148369995972,17.64726120070044,18113.16,0.404200718821013,49070.0,54.12299919128409,463.364,3.200431818,3.200431818,Africa,Tunisia,12520000,56589182.701
turkey,479822194.0,8568253.464285715,5298996.0,94624.92857142857,245306583.0,4380474.696428572,Lower middle income,,,,,,99.779296875,35.42041933856906,0.0,0.0,0.0,0.0,6.047986166150299,0.0,0.0,0.0,0.31769603894272,0.0,18.62,0.0,16880267284.30539,13.60024013332526,1749.918889761082,0.0,-1.298369705677033,184.0,0.0,4.34780197487335,0.0523530731640717,0.0,0.0350552378513732,0.0,3.053534116290799,0.0,400.0,5.72940685865408,0.0,30.66400051116944,168.793,35.52684091,35.52684091,Asia,Turkey,88877000,240007587.0
turkmenistan,42026.0,42026.0,1056.0,1056.0,69165.0,34582.5,Upper middle income,,,,,,100.0,72.0064690485817,0.0,0.0,0.0,0.0,4.128274423850361,0.2,0.0,0.0,0.0,0.0,20.111537316297,2072450.0,0.0,0.0,0.0,0.0,-1.919759690761566,0.0,0.0,0.0,0.0,0.0,0.0,0.0,8.782159044964144,0.0,0.0,0.0,0.0,20.08500003814698,322.593,..,..,Asia,Turkmenistan,6650000,68109.0
uganda,2866185.94,60982.67957446809,694012.2,15422.49333333333,4806950.279999999,98101.02612244897,Low income,,,,,,42.0744171142578,71.8880909634949,0.0,0.0,0.0,0.0,34.41053261520048,0.0,0.0,44.1859143089924,0.0,0.0,4.66590471981414,0.0,78035069697.89273,6.330939843113129,1680.085194260026,0.0,-1.157788097858429,0.0,0.0,0.0001299650433709,0.0,0.0,0.0,0.0,11.65918611609814,11.39116330652956,0.0,7.27403671441587,0.0,11.28999996185303,158.838,3688.330455,3688.330455,Africa,Uganda,50141000,4112938.079999999
ukraine,168826551.958,3670142.433869565,1553227.476,33765.81469565217,63059909.53,1370867.598478261,Upper middle income,,,,,,100.0,71.29962029685882,0.0,0.0,0.0,0.0,56.82430100103555,0.0,0.0,58.71618507323262,0.221956623426769,0.0,136.26402,3220996.0,356703399192.9308,-0.3528040999494806,8587.3125,25.6,-0.791961342096329,1194.0,0.0,0.12262596176309,0.642085316646263,176347.9,0.196979488995265,7.1,16.72419744563341,19.15140029928759,22265.0,1.45554837995701,43872.0,34.81699943542481,420.15,42.11754762,42.11754762,Europe,Ukraine,35179000,61506682.054
united arab emirates,1408456.91,704228.4550000001,61945907.15700001,1376575.7146,722303065.185,16051179.22633333,High income,,,,,,100.0,5.488594762038862,0.0,0.0,0.0,0.0,0.6899464939453674,8.4,7.0,0.0,0.0,0.0,124.84088907236,261551.0,358868765174.9244,-6.13450080253007,36284.55524295523,0.0,2.71559619903564,1027.0,0.0,0.0,0.431644073479002,1810000.0,11.5121617702487,0.0,4.467755561813574,0.6642301284909813,0.0,11.9439362011956,3100.0,12.89399981498719,525.9069999999999,..,..,Asia,United Arab Emirates,10226000,660357158.0279999
united kingdom,2449808358.012,37689359.35403077,96036195.963,1548970.902629032,3897347576.776,59959193.48886154,High income,5.390217391304346,3.191521739130435,7.711739130434785,4.707391304347825,22820.94391304348,100.0,71.3400491877816,0.0,7.0,0.0,1.0,24.71170255859133,0.0,37.4,190.7725189164153,0.0011251242954191,289.688,299.524,2711873.0,5943759953292.344,-1.829137741794128,88432.43396777028,0.0,2.64748227596283,894.0,0.0,5.93673126129065e-05,0.0760233554319494,1580284.1,0.311976481003202,0.0,13.18563220766337,24.25798032999734,6328.0,0.389184328043183,9500.0,16.82500004768371,507.1030000000001,0.809908329,0.809908329,Europe,United Kingdom,68139000,3801311380.813
uruguay,9139303.7,203095.6377777778,281692.443,6259.832066666668,20135768.46,447461.5213333333,High income,,,,,,100.0,44.36336735385497,836.0,78.0,49.0,9.0,17.24385673774682,65.61,64.8,161.6319184820361,0.113551170304363,3897.886551355,4048.65784691,37162337.0,78400000000.0,2.266517539179105,132315.2161146675,0.0,2.64683139324188,14.147,0.0,0.020375572908895,0.0175608314536583,31995541.4,0.230912624466627,0.0,33.86692641203749,9.940306134699034,233620.96,0.416556897287229,91473.0,21.52000069618224,499.1679999999999,43.75861905,43.75861905,South America,Uruguay,3578000,19854076.017
uzbekistan,11364682.0,1262742.444444444,635698.635,79462.329375,41343994.15000001,4134399.415000001,Lower middle income,,,,,,100.0,58.28321797344832,0.0,12.0,0.0,1.0,9.129694769091117,0.0,0.0,0.0,0.0270077321896048,0.0,57.84066722838,1140664.0,129133208459.0693,9.30635550037671,3732.720538211976,0.0,-0.7270047068595891,244.0,0.0,6.65286208331187,4.1750706378589,0.0,0.709234635037206,0.0,8.373221377510495,14.86743148973129,2522.0,11.5651490116259,1000.0,27.87899971008301,303.214,12955.09262,12955.09262,Asia,Uzbekistan,35346000,40708295.515000015
vanuatu,29654.0,4942.333333333333,13807.0,2301.166666666667,114022.0,19003.66666666667,Lower middle income,,,,,,67.3332672119141,15.34044298605414,0.0,0.0,0.0,0.0,1.640689089417555,0.0,0.0,0.0,0.0,0.0,0.06500323132857,0.0,1880297129.964554,-4.870269045797571,6047.283047724486,0.0,-0.955997943878174,0.0,0.0,0.0,0.0,0.0,0.0,0.0,36.28383921246924,14.23740770806757,0.0,0.61899740401104,0.0,8.13400006294251,155.458,124.8990476,124.8990476,Oceania,Vanuatu,334000,100215.0
vietnam,422923.0,84584.6,14935675.141,439284.5629705883,1238286116.695,31750926.06910257,Lower middle income,,,,,,100.0,39.43476832073611,0.0,0.0,0.0,0.0,21.65402690880551,0.0,0.0,0.0,0.221862342922629,0.0,206.34826079283,642430.0,705880094898.3198,5.528924501547323,7220.293625614758,0.0,0.508192405104638,1118.145,0.0,0.0272738217571084,0.263442378760386,0.0,0.677569602932463,0.0,46.71900175159286,0.0,20317.0,2.61872290610751,20500.0,8.984999895095822,234.742,25302.57143,25302.57143,Asia,Vietnam,98858000,1223350441.554
yemen,8204311.0,410215.55,2010789.0,100539.45,3262795.837,163139.79185,Low income,,,,,,73.757926940918,44.41919048430782,0.0,0.0,0.0,0.0,2.193306437865788,0.0,0.0,0.0,0.0,0.0,3.2472501938795,0.0,39902203537.78528,-10.56151306671653,1322.440763063522,0.0,-4.653024673461911,0.0,0.0,0.0,0.0,635000.0,0.0,0.0,1.03983180862549,0.0,0.0,0.0,0.0,53.1389999389647,237.075,249.1008182,249.1008182,Asia,Yemen,35328000,1252006.8369999998
zambia,273092.705,14373.30026315789,546427.404,13660.6851,4518330.363,110203.1795853659,Lower middle income,,,,,,44.5244750976563,32.06392337803845,0.0,0.0,0.0,0.0,5.111717940784783,0.0,0.0,103.6982424136438,0.142893219433065,0.0,15.982285,0.0,39313690438.66206,0.7877602378675874,2105.762606563639,0.0,-1.619388461112976,468.0,0.0,4.05763540385036,0.0,11950.1,0.0,0.0,60.28333714470197,16.44259689457895,330.0,11.8078570109872,0.0,51.67699909210209,276.329,27.87284091,27.87284091,Africa,Zambia,21021000,3971902.959
zimbabwe,1088314.08,136039.26,577559.8080000001,19251.9936,6193000.710999998,206433.3570333333,Lower middle income,,,,,,52.7476692199707,41.87669639395114,0.0,9.0,0.0,0.0,10.33992503554349,0.0,0.0,0.0,0.285383083381529,0.0,11.1166626114956,0.0,44268897516.27969,-0.3993284621580671,2951.68379721577,0.0,-2.54270911216736,2790.0,0.0,3.88243293663042,0.0,0.0,0.0,0.0,45.09391236913532,0.0,950.0,6.80024596069969,0.0,20.3939995765686,194.98,..,..,Africa,Zimbabwe,17322000,5615440.902999998
